epoch,time,train/box_loss,train/cls_loss,train/dfl_loss,metrics/precision(B),metrics/recall(B),metrics/mAP50(B),metrics/mAP50-95(B),val/box_loss,val/cls_loss,val/dfl_loss,lr/pg0,lr/pg1,lr/pg2,lr/pg3,lr/pg4,lr/pg5,lr/pg6,lr/pg7
1,5.10414,1.81775,5.78449,1.84053,0.87899,0.33333,0.36483,0.26117,1.5977,5.74825,1.63146,0.00019998,6.666e-05,0.00019998,6.666e-05,0.00019998,6.666e-05,0.00019998,6.666e-05
2,8.10214,1.63061,5.43545,1.69218,0.91135,0.33333,0.38694,0.26973,1.5391,5.49969,1.61475,0.000429,0.000143,0.000429,0.000143,0.000429,0.000143,0.000429,0.000143
3,11.0104,1.56812,4.86184,1.69189,0.97618,0.33333,0.47348,0.33287,1.52592,5.10909,1.62371,0.000653401,0.0002178,0.000653401,0.0002178,0.000653401,0.0002178,0.000653401,0.0002178
4,15.0144,1.71633,4.36423,1.72881,1,0.31687,0.56197,0.4199,1.46081,4.90002,1.62059,0.000873183,0.000291061,0.000873183,0.000291061,0.000873183,0.000291061,0.000873183,0.000291061
5,20.5401,1.58158,4.00244,1.67684,0.74802,0.62404,0.5707,0.4122,1.40439,4.24434,1.6161,0.00108834,0.000362781,0.00108834,0.000362781,0.00108834,0.000362781,0.00108834,0.000362781
6,23.4115,1.43425,3.55067,1.53583,0.88027,0.33333,0.59039,0.43176,1.31911,3.60935,1.53001,0.00129889,0.000432962,0.00129889,0.000432962,0.00129889,0.000432962,0.00129889,0.000432962
7,26.4013,1.35205,2.98865,1.54075,0.92213,0.52525,0.7581,0.56874,1.0807,2.88749,1.36097,0.00150481,0.000501603,0.00150481,0.000501603,0.00150481,0.000501603,0.00150481,0.000501603
8,29.1988,1.24776,2.63515,1.39699,0.89951,0.59104,0.7581,0.61124,1.04222,2.59292,1.40145,0.00170611,0.000568704,0.00170611,0.000568704,0.00170611,0.000568704,0.00170611,0.000568704
9,31.9231,1.19037,2.30069,1.37604,0.64386,0.83333,0.79345,0.62776,0.94336,1.96949,1.27713,0.0019028,0.000634265,0.0019028,0.000634265,0.0019028,0.000634265,0.0019028,0.000634265
10,34.4098,1.19859,2.07623,1.37573,0.68998,0.83333,0.8125,0.66279,0.92274,1.64773,1.23256,0.00209486,0.000698287,0.00209486,0.000698287,0.00209486,0.000698287,0.00209486,0.000698287
11,36.9663,1.25665,1.89709,1.35474,0.70453,0.83333,0.8125,0.66443,0.89407,1.39718,1.21762,0.00228231,0.000760768,0.00228231,0.000760768,0.00228231,0.000760768,0.00228231,0.000760768
12,39.6088,1.11184,1.68181,1.29612,0.90445,1,0.995,0.69098,0.87989,1.2,1.22227,0.00246513,0.00082171,0.00246513,0.00082171,0.00246513,0.00082171,0.00246513,0.00082171
13,43.6675,1.084,1.47676,1.28929,0.85617,1,0.995,0.70754,0.85455,1.12915,1.19164,0.00264334,0.000881112,0.00264334,0.000881112,0.00264334,0.000881112,0.00264334,0.000881112
14,46.9892,1.0997,1.46806,1.30973,0.8172,1,0.995,0.7518,0.87055,1.10484,1.21073,0.00281692,0.000938974,0.00281692,0.000938974,0.00281692,0.000938974,0.00281692,0.000938974
15,49.4353,1.01667,1.31046,1.2349,0.87775,1,0.995,0.77915,0.85945,0.9316,1.1749,0.00287105,0.000957015,0.00287105,0.000957015,0.00287105,0.000957015,0.00287105,0.000957015
16,51.9136,1.04293,1.29321,1.24403,0.86058,1,0.995,0.7783,0.8529,0.83349,1.18535,0.00283805,0.000946016,0.00283805,0.000946016,0.00283805,0.000946016,0.00283805,0.000946016
17,54.2921,1.00589,1.16935,1.23052,0.84833,1,0.995,0.76575,0.86377,0.76524,1.2121,0.00280505,0.000935018,0.00280505,0.000935018,0.00280505,0.000935018,0.00280505,0.000935018
18,56.7061,1.00239,1.05094,1.1852,0.8086,1,0.995,0.76067,0.80481,0.76772,1.17766,0.00277206,0.000924019,0.00277206,0.000924019,0.00277206,0.000924019,0.00277206,0.000924019
19,59.2311,0.97699,1.04028,1.19322,0.80819,1,0.995,0.77381,0.79831,0.75482,1.15581,0.00273906,0.00091302,0.00273906,0.00091302,0.00273906,0.00091302,0.00273906,0.00091302
20,61.6536,1.04043,0.99627,1.22393,0.7926,1,0.995,0.79593,0.75655,0.70721,1.13563,0.00270606,0.000902021,0.00270606,0.000902021,0.00270606,0.000902021,0.00270606,0.000902021
21,64.1888,1.00338,0.95487,1.19458,0.83934,0.97023,0.995,0.78765,0.75565,0.69242,1.12224,0.00267307,0.000891022,0.00267307,0.000891022,0.00267307,0.000891022,0.00267307,0.000891022
22,66.6562,0.95575,0.8579,1.19595,0.82574,0.97921,0.995,0.78765,0.80457,0.76579,1.12796,0.00264007,0.000880023,0.00264007,0.000880023,0.00264007,0.000880023,0.00264007,0.000880023
23,69.1629,1.03029,0.94864,1.23492,0.83,0.93677,0.995,0.77938,0.83229,0.75665,1.13296,0.00260707,0.000869024,0.00260707,0.000869024,0.00260707,0.000869024,0.00260707,0.000869024
24,71.6201,0.93205,0.83575,1.19412,0.82574,1,0.995,0.75863,0.85262,0.64662,1.08696,0.00257408,0.000858025,0.00257408,0.000858025,0.00257408,0.000858025,0.00257408,0.000858025
25,74.0701,0.9959,0.87741,1.16816,0.82347,1,0.995,0.72949,0.87608,0.63293,1.06948,0.00254108,0.000847026,0.00254108,0.000847026,0.00254108,0.000847026,0.00254108,0.000847026
26,76.5213,0.95432,0.80895,1.15176,0.84746,1,0.995,0.72129,0.9179,0.66135,1.11316,0.00250808,0.000836027,0.00250808,0.000836027,0.00250808,0.000836027,0.00250808,0.000836027
27,79.0124,1.00439,0.89568,1.20555,0.84823,1,0.995,0.72139,0.96114,0.69612,1.1333,0.00247509,0.000825029,0.00247509,0.000825029,0.00247509,0.000825029,0.00247509,0.000825029
28,81.592,0.91576,0.83481,1.16218,0.84988,1,0.995,0.69662,1.08275,0.67906,1.19582,0.00244209,0.00081403,0.00244209,0.00081403,0.00244209,0.00081403,0.00244209,0.00081403
29,83.9899,0.90915,0.76798,1.13917,0.84853,1,0.995,0.68825,1.12651,0.67488,1.22863,0.00240909,0.000803031,0.00240909,0.000803031,0.00240909,0.000803031,0.00240909,0.000803031
30,86.4951,0.96931,0.74637,1.153,0.85062,1,0.995,0.68829,1.11874,0.62278,1.25706,0.0023761,0.000792032,0.0023761,0.000792032,0.0023761,0.000792032,0.0023761,0.000792032
31,89.1142,0.90776,0.76082,1.15611,0.8564,1,0.995,0.63604,1.12329,0.58788,1.30853,0.0023431,0.000781033,0.0023431,0.000781033,0.0023431,0.000781033,0.0023431,0.000781033
32,91.78,0.93244,0.79113,1.13474,0.87872,1,0.995,0.65977,1.12443,0.62745,1.36261,0.0023101,0.000770034,0.0023101,0.000770034,0.0023101,0.000770034,0.0023101,0.000770034
33,94.2231,0.93758,0.71224,1.16311,0.8587,1,0.995,0.66154,1.12741,0.62601,1.35789,0.00227711,0.000759035,0.00227711,0.000759035,0.00227711,0.000759035,0.00227711,0.000759035
34,96.7157,0.81149,0.649,1.09298,0.83,1,0.995,0.66812,1.17261,0.63765,1.41877,0.00224411,0.000748036,0.00224411,0.000748036,0.00224411,0.000748036,0.00224411,0.000748036
35,99.3099,0.8567,0.68467,1.12225,0.87767,1,0.995,0.64632,1.21604,0.613,1.42756,0.00221111,0.000737037,0.00221111,0.000737037,0.00221111,0.000737037,0.00221111,0.000737037
36,101.796,0.8599,0.66501,1.13365,0.87393,1,0.995,0.67549,1.20491,0.62938,1.44533,0.00217812,0.000726038,0.00217812,0.000726038,0.00217812,0.000726038,0.00217812,0.000726038
37,104.212,0.94902,0.65495,1.18561,0.88973,1,0.995,0.67529,1.17062,0.62744,1.4333,0.00214512,0.00071504,0.00214512,0.00071504,0.00214512,0.00071504,0.00214512,0.00071504
38,106.732,0.85821,0.64908,1.13701,0.89665,1,0.995,0.68313,1.08739,0.62204,1.40411,0.00211212,0.000704041,0.00211212,0.000704041,0.00211212,0.000704041,0.00211212,0.000704041
39,109.35,0.90079,0.65587,1.17815,0.89774,1,0.995,0.66117,1.08753,0.59581,1.42636,0.00207913,0.000693042,0.00207913,0.000693042,0.00207913,0.000693042,0.00207913,0.000693042
40,111.783,0.89866,0.736,1.15445,0.90093,1,0.995,0.65808,1.14859,0.63474,1.47117,0.00204613,0.000682043,0.00204613,0.000682043,0.00204613,0.000682043,0.00204613,0.000682043
41,114.146,0.83919,0.65389,1.13434,0.90187,1,0.995,0.67178,1.16653,0.63326,1.49099,0.00201313,0.000671044,0.00201313,0.000671044,0.00201313,0.000671044,0.00201313,0.000671044
42,116.553,0.8363,0.62022,1.08786,0.89376,1,0.995,0.66932,1.20132,0.63947,1.59279,0.00198014,0.000660045,0.00198014,0.000660045,0.00198014,0.000660045,0.00198014,0.000660045
43,119.013,0.85726,0.68307,1.10093,0.91331,1,0.995,0.6763,1.23089,0.60949,1.56806,0.00194714,0.000649046,0.00194714,0.000649046,0.00194714,0.000649046,0.00194714,0.000649046
44,121.59,0.79237,0.60477,1.08033,0.90693,1,0.995,0.66098,1.22049,0.61167,1.50686,0.00191414,0.000638047,0.00191414,0.000638047,0.00191414,0.000638047,0.00191414,0.000638047
45,124.035,0.92335,0.63181,1.148,0.90968,1,0.995,0.65629,1.20877,0.61182,1.46543,0.00188115,0.000627048,0.00188115,0.000627048,0.00188115,0.000627048,0.00188115,0.000627048
46,126.484,0.85954,0.64895,1.12575,0.9172,1,0.995,0.667,1.25162,0.64386,1.50664,0.00184815,0.000616049,0.00184815,0.000616049,0.00184815,0.000616049,0.00184815,0.000616049
47,128.937,0.77925,0.62994,1.07844,0.90838,1,0.995,0.64041,1.29401,0.60912,1.4666,0.00181515,0.000605051,0.00181515,0.000605051,0.00181515,0.000605051,0.00181515,0.000605051
48,131.343,0.76598,0.59645,1.09969,0.92277,1,0.995,0.62581,1.27067,0.61818,1.39286,0.00178216,0.000594052,0.00178216,0.000594052,0.00178216,0.000594052,0.00178216,0.000594052
49,133.699,0.78652,0.59951,1.06951,0.92134,1,0.995,0.60993,1.23649,0.62781,1.37608,0.00174916,0.000583053,0.00174916,0.000583053,0.00174916,0.000583053,0.00174916,0.000583053
50,136.238,0.83206,0.55241,1.14298,0.93137,1,0.995,0.61666,1.18052,0.61464,1.354,0.00171616,0.000572054,0.00171616,0.000572054,0.00171616,0.000572054,0.00171616,0.000572054
51,138.676,0.80211,0.60328,1.08647,0.93934,1,0.995,0.67482,1.1124,0.59965,1.29862,0.00168316,0.000561055,0.00168316,0.000561055,0.00168316,0.000561055,0.00168316,0.000561055
52,141.199,0.79426,0.58648,1.07839,0.951,1,0.995,0.67698,1.0705,0.57428,1.28406,0.00165017,0.000550056,0.00165017,0.000550056,0.00165017,0.000550056,0.00165017,0.000550056
53,143.647,0.7664,0.56391,1.06284,0.95388,1,0.995,0.67783,1.05442,0.6015,1.26502,0.00161717,0.000539057,0.00161717,0.000539057,0.00161717,0.000539057,0.00161717,0.000539057
54,146.215,0.78875,0.55349,1.07118,0.9517,1,0.995,0.69068,1.04188,0.63571,1.2506,0.00158417,0.000528058,0.00158417,0.000528058,0.00158417,0.000528058,0.00158417,0.000528058
55,148.762,0.82122,0.57196,1.10522,0.94829,1,0.995,0.66585,1.06951,0.62569,1.26799,0.00155118,0.000517059,0.00155118,0.000517059,0.00155118,0.000517059,0.00155118,0.000517059
56,151.257,0.78397,0.56609,1.07921,0.95296,1,0.995,0.66363,1.09373,0.63827,1.27998,0.00151818,0.00050606,0.00151818,0.00050606,0.00151818,0.00050606,0.00151818,0.00050606
57,153.622,0.7883,0.5923,1.08031,0.95345,1,0.995,0.66588,1.09212,0.62933,1.26558,0.00148518,0.000495062,0.00148518,0.000495062,0.00148518,0.000495062,0.00148518,0.000495062
58,156.037,0.79881,0.58333,1.0734,0.95284,1,0.995,0.66765,1.0599,0.61894,1.28642,0.00145219,0.000484063,0.00145219,0.000484063,0.00145219,0.000484063,0.00145219,0.000484063
59,158.496,0.79677,0.55678,1.04831,0.96377,1,0.995,0.63568,1.04116,0.62674,1.32687,0.00141919,0.000473064,0.00141919,0.000473064,0.00141919,0.000473064,0.00141919,0.000473064
60,161,0.83134,0.53198,1.05253,0.96521,1,0.995,0.63569,1.04335,0.67482,1.33864,0.00138619,0.000462065,0.00138619,0.000462065,0.00138619,0.000462065,0.00138619,0.000462065
61,163.354,0.71517,0.53186,1.05707,0.96291,1,0.995,0.64292,1.06161,0.70649,1.38788,0.0013532,0.000451066,0.0013532,0.000451066,0.0013532,0.000451066,0.0013532,0.000451066
62,165.821,0.75553,0.53994,1.06493,0.94962,1,0.995,0.64646,1.08567,0.71892,1.45074,0.0013202,0.000440067,0.0013202,0.000440067,0.0013202,0.000440067,0.0013202,0.000440067
63,168.315,0.79554,0.58288,1.10716,0.95305,1,0.995,0.67924,1.06971,0.70871,1.4348,0.0012872,0.000429068,0.0012872,0.000429068,0.0012872,0.000429068,0.0012872,0.000429068
64,170.811,0.77801,0.52003,1.05275,0.93914,1,0.995,0.65277,1.06183,0.7101,1.42024,0.00125421,0.000418069,0.00125421,0.000418069,0.00125421,0.000418069,0.00125421,0.000418069
65,173.267,0.77325,0.54073,1.07055,0.93568,1,0.995,0.66434,1.05074,0.71421,1.39703,0.00122121,0.00040707,0.00122121,0.00040707,0.00122121,0.00040707,0.00122121,0.00040707
66,175.754,0.75567,0.49874,1.06112,0.92485,1,0.995,0.66351,1.0598,0.65664,1.39021,0.00118821,0.000396071,0.00118821,0.000396071,0.00118821,0.000396071,0.00118821,0.000396071
67,178.256,0.76113,0.53528,1.08487,0.93289,1,0.995,0.66351,1.06943,0.59888,1.36507,0.00115522,0.000385073,0.00115522,0.000385073,0.00115522,0.000385073,0.00115522,0.000385073
68,180.691,0.75207,0.47228,1.05007,0.93986,1,0.995,0.68402,1.08583,0.59097,1.3418,0.00112222,0.000374074,0.00112222,0.000374074,0.00112222,0.000374074,0.00112222,0.000374074
69,183.024,0.772,0.49169,1.1051,0.94483,1,0.995,0.67482,1.08313,0.6135,1.34894,0.00108922,0.000363075,0.00108922,0.000363075,0.00108922,0.000363075,0.00108922,0.000363075
70,185.464,0.76652,0.50228,1.07814,0.9492,1,0.995,0.68754,1.09069,0.63491,1.35919,0.00105623,0.000352076,0.00105623,0.000352076,0.00105623,0.000352076,0.00105623,0.000352076
71,187.825,0.76512,0.50491,1.10313,0.94384,1,0.995,0.69399,1.06874,0.58163,1.31719,0.00102323,0.000341077,0.00102323,0.000341077,0.00102323,0.000341077,0.00102323,0.000341077
72,190.222,0.74108,0.47403,1.03749,0.94209,1,0.995,0.69412,1.06748,0.55729,1.2881,0.000990234,0.000330078,0.000990234,0.000330078,0.000990234,0.000330078,0.000990234,0.000330078
73,192.518,0.7983,0.51612,1.08361,0.94038,1,0.995,0.69415,1.07398,0.55226,1.2948,0.000957238,0.000319079,0.000957238,0.000319079,0.000957238,0.000319079,0.000957238,0.000319079
74,194.91,0.73425,0.47494,1.06135,0.93745,1,0.995,0.69672,1.09561,0.54761,1.30762,0.000924241,0.00030808,0.000924241,0.00030808,0.000924241,0.00030808,0.000924241,0.00030808
75,197.286,0.68984,0.49667,1.06077,0.94344,1,0.995,0.69732,1.11265,0.52255,1.32781,0.000891244,0.000297081,0.000891244,0.000297081,0.000891244,0.000297081,0.000891244,0.000297081
76,199.707,0.75737,0.52543,1.0842,0.94923,1,0.995,0.7057,1.1263,0.51747,1.32521,0.000858247,0.000286083,0.000858247,0.000286083,0.000858247,0.000286083,0.000858247,0.000286083
77,202.075,0.72531,0.51303,1.05741,0.95461,1,0.995,0.70361,1.12132,0.52102,1.32036,0.000825251,0.000275084,0.000825251,0.000275084,0.000825251,0.000275084,0.000825251,0.000275084
78,204.523,0.68831,0.47283,1.00467,0.96376,1,0.995,0.70403,1.12032,0.53982,1.32342,0.000792254,0.000264085,0.000792254,0.000264085,0.000792254,0.000264085,0.000792254,0.000264085
79,206.938,0.70435,0.46728,1.0357,0.97161,1,0.995,0.67588,1.11386,0.56842,1.31637,0.000759257,0.000253086,0.000759257,0.000253086,0.000759257,0.000253086,0.000759257,0.000253086
80,209.42,0.74438,0.49308,1.05692,0.97721,1,0.995,0.67328,1.09276,0.59963,1.29444,0.000726261,0.000242087,0.000726261,0.000242087,0.000726261,0.000242087,0.000726261,0.000242087
81,211.772,0.72759,0.48858,1.03195,0.97772,1,0.995,0.67298,1.09491,0.61199,1.29979,0.000693264,0.000231088,0.000693264,0.000231088,0.000693264,0.000231088,0.000693264,0.000231088
82,214.287,0.72359,0.47808,1.04161,0.9737,1,0.995,0.67086,1.10731,0.61357,1.31071,0.000660267,0.000220089,0.000660267,0.000220089,0.000660267,0.000220089,0.000660267,0.000220089
83,216.772,0.74697,0.48357,1.0705,0.968,1,0.995,0.65779,1.1287,0.58205,1.3605,0.000627271,0.00020909,0.000627271,0.00020909,0.000627271,0.00020909,0.000627271,0.00020909
84,219.298,0.76315,0.53722,1.11457,0.96041,1,0.995,0.64443,1.19084,0.56072,1.47243,0.000594274,0.000198091,0.000594274,0.000198091,0.000594274,0.000198091,0.000594274,0.000198091
85,221.716,0.7288,0.5068,1.0979,0.95869,1,0.995,0.6519,1.22429,0.55044,1.55205,0.000561277,0.000187092,0.000561277,0.000187092,0.000561277,0.000187092,0.000561277,0.000187092
86,224.301,0.71034,0.48755,1.0503,0.95764,1,0.995,0.64751,1.24454,0.56854,1.62341,0.000528281,0.000176094,0.000528281,0.000176094,0.000528281,0.000176094,0.000528281,0.000176094
87,226.786,0.72141,0.49577,1.07699,0.95624,1,0.995,0.64979,1.22291,0.62391,1.62709,0.000495284,0.000165095,0.000495284,0.000165095,0.000495284,0.000165095,0.000495284,0.000165095
88,229.308,0.7138,0.50234,1.05557,0.95577,1,0.995,0.65529,1.20545,0.65523,1.62913,0.000462287,0.000154096,0.000462287,0.000154096,0.000462287,0.000154096,0.000462287,0.000154096
89,231.787,0.68336,0.48687,1.06301,0.9545,1,0.995,0.65531,1.19808,0.66313,1.62332,0.00042929,0.000143097,0.00042929,0.000143097,0.00042929,0.000143097,0.00042929,0.000143097
90,234.239,0.66244,0.46246,1.03262,0.95256,1,0.995,0.65875,1.09382,0.76549,1.46058,0.000396294,0.000132098,0.000396294,0.000132098,0.000396294,0.000132098,0.000396294,0.000132098
91,259.562,0.63781,0.4341,1.03563,0.95241,1,0.995,0.65012,1.13612,0.68069,1.51285,0.000363297,0.000121099,0.000363297,0.000121099,0.000363297,0.000121099,0.000363297,0.000121099
92,262.055,0.67666,0.45553,1.09707,0.94927,1,0.995,0.65313,1.15158,0.64322,1.54133,0.0003303,0.0001101,0.0003303,0.0001101,0.0003303,0.0001101,0.0003303,0.0001101
93,264.409,0.6348,0.45843,1.03534,0.94644,1,0.995,0.65254,1.13935,0.63875,1.51874,0.000297304,9.91012e-05,0.000297304,9.91012e-05,0.000297304,9.91012e-05,0.000297304,9.91012e-05
94,266.809,0.64004,0.43435,1.05281,0.94525,1,0.995,0.65193,1.13557,0.62673,1.49072,0.000264307,8.81023e-05,0.000264307,8.81023e-05,0.000264307,8.81023e-05,0.000264307,8.81023e-05
95,269.225,0.59798,0.41438,1.01997,0.94432,1,0.995,0.65185,1.11914,0.6215,1.4737,0.00023131,7.71034e-05,0.00023131,7.71034e-05,0.00023131,7.71034e-05,0.00023131,7.71034e-05
96,271.626,0.63593,0.44025,1.06988,0.94197,1,0.995,0.65199,1.12628,0.57395,1.47345,0.000198314,6.61045e-05,0.000198314,6.61045e-05,0.000198314,6.61045e-05,0.000198314,6.61045e-05
97,274.016,0.62419,0.4255,1.06993,0.94062,1,0.995,0.66588,1.12383,0.56547,1.47376,0.000165317,5.51056e-05,0.000165317,5.51056e-05,0.000165317,5.51056e-05,0.000165317,5.51056e-05
98,276.535,0.61297,0.41478,1.03736,0.94149,1,0.995,0.66503,1.13039,0.54531,1.48894,0.00013232,4.41067e-05,0.00013232,4.41067e-05,0.00013232,4.41067e-05,0.00013232,4.41067e-05
99,278.978,0.62859,0.44744,1.04797,0.93986,1,0.995,0.66444,1.12825,0.53938,1.4752,9.93234e-05,3.31078e-05,9.93234e-05,3.31078e-05,9.93234e-05,3.31078e-05,9.93234e-05,3.31078e-05
100,281.373,0.58403,0.42084,1.01074,0.94027,1,0.995,0.66191,1.12371,0.52703,1.46759,6.63267e-05,2.21089e-05,6.63267e-05,2.21089e-05,6.63267e-05,2.21089e-05,6.63267e-05,2.21089e-05
